{
  "site": {
    "header": {
      "logo": "https://placehold.co/230x70?text=My+Website"
    },
    "pages": [
      {
        "category": "Meat",
        "priority": 1,
        "createdAt": "04-05-2025",
        "itemPage": [
          {
            "image": "https://placehold.co/100x100?text=Paris",
            "title": "Parisian Steak",
            "description": "Juicy steak with a Paris-style herb sauce.",
            "ingredients": "Beef, butter, garlic, thyme, salt, pepper",
            "preparation": "Sear the meat on a hot pan, add butter and herbs. Serve hot.",
            "createdAt": "01-05-2025"
          },
          {
            "image": "https://placehold.co/100x100?text=Japan",
            "title": "Japanese Meatballs",
            "description": "Japanese-style meatballs with soy and ginger sauce.",
            "ingredients": "Ground beef, eggs, breadcrumbs, ginger, soy sauce",
            "preparation": "Mix ingredients, form meatballs, and fry. Add sauce on top.",
            "createdAt": "02-05-2025"
          },
          {
            "image": "https://placehold.co/100x100?text=Beach",
            "title": "Grilled Beach Meat",
            "description": "Grilled meat cuts with a Mediterranean twist.",
            "ingredients": "Veal, lemon, herbs, olive oil",
            "preparation": "Rub meat with olive oil and spices, grill on fire.",
            "createdAt": "03-05-2025"
          },
          {
            "image": "https://placehold.co/100x100?text=Paris",
            "title": "Parisian Steak",
            "description": "Juicy steak with a Paris-style herb sauce.",
            "ingredients": "Beef, butter, garlic, thyme, salt, pepper",
            "preparation": "Sear the meat on a hot pan, add butter and herbs. Serve hot.",
            "createdAt": "01-05-2025"
          },
          {
            "image": "https://placehold.co/100x100?text=Japan",
            "title": "Japanese Meatballs",
            "description": "Japanese-style meatballs with soy and ginger sauce.",
            "ingredients": "Ground beef, eggs, breadcrumbs, ginger, soy sauce",
            "preparation": "Mix ingredients, form meatballs, and fry. Add sauce on top.",
            "createdAt": "02-05-2025"
          },
          {
            "image": "https://placehold.co/100x100?text=Beach",
            "title": "Grilled Beach Meat",
            "description": "Grilled meat cuts with a Mediterranean twist.",
            "ingredients": "Veal, lemon, herbs, olive oil",
            "preparation": "Rub meat with olive oil and spices, grill on fire.",
            "createdAt": "03-05-2025"
          },
          {
            "image": "https://placehold.co/100x100?text=Paris",
            "title": "Parisian Steak",
            "description": "Juicy steak with a Paris-style herb sauce.",
            "ingredients": "Beef, butter, garlic, thyme, salt, pepper",
            "preparation": "Sear the meat on a hot pan, add butter and herbs. Serve hot.",
            "createdAt": "01-05-2025"
          },
          {
            "image": "https://placehold.co/100x100?text=Japan",
            "title": "Japanese Meatballs",
            "description": "Japanese-style meatballs with soy and ginger sauce.",
            "ingredients": "Ground beef, eggs, breadcrumbs, ginger, soy sauce",
            "preparation": "Mix ingredients, form meatballs, and fry. Add sauce on top.",
            "createdAt": "02-05-2025"
          },
          {
            "image": "https://placehold.co/100x100?text=Beach",
            "title": "Grilled Beach Meat",
            "description": "Grilled meat cuts with a Mediterranean twist.",
            "ingredients": "Veal, lemon, herbs, olive oil",
            "preparation": "Rub meat with olive oil and spices, grill on fire.",
            "createdAt": "03-05-2025"
          },
          {
            "image": "https://placehold.co/100x100?text=Paris",
            "title": "Parisian Steak",
            "description": "Juicy steak with a Paris-style herb sauce.",
            "ingredients": "Beef, butter, garlic, thyme, salt, pepper",
            "preparation": "Sear the meat on a hot pan, add butter and herbs. Serve hot.",
            "createdAt": "01-05-2025"
          },
          {
            "image": "https://placehold.co/100x100?text=Japan",
            "title": "Japanese Meatballs",
            "description": "Japanese-style meatballs with soy and ginger sauce.",
            "ingredients": "Ground beef, eggs, breadcrumbs, ginger, soy sauce",
            "preparation": "Mix ingredients, form meatballs, and fry. Add sauce on top.",
            "createdAt": "02-05-2025"
          },
          {
            "image": "https://placehold.co/100x100?text=Beach",
            "title": "Grilled Beach Meat",
            "description": "Grilled meat cuts with a Mediterranean twist.",
            "ingredients": "Veal, lemon, herbs, olive oil",
            "preparation": "Rub meat with olive oil and spices, grill on fire.",
            "createdAt": "03-05-2025"
          }
        ]
      },
      {
        "category": "Desserts",
        "priority": 2,
        "createdAt": "01-05-2025",
        "itemPage": [
          {
            "image": "https://placehold.co/100x100?text=Book1",
            "title": "Silent Forest Cake",
            "description": "Dark chocolate cake with berries.",
            "ingredients": "Dark chocolate, flour, eggs, sugar, strawberries",
            "preparation": "Bake the cake, decorate with berries, and serve cold.",
            "createdAt": "28-04-2025"
          },
          {
            "image": "https://placehold.co/100x100?text=Book2",
            "title": "Future World",
            "description": "Colorful jelly dessert with exotic fruit flavors.",
            "ingredients": "Gelatin, fruit juices, sugar, natural food coloring",
            "preparation": "Melt, cool, and pour into fun molds.",
            "createdAt": "30-04-2025"
          },
          {
            "image": "https://placehold.co/100x100?text=Book3",
            "title": "Mindful Dessert",
            "description": "Vegan chocolate mousse with coconut cream.",
            "ingredients": "Avocado, cocoa, maple syrup, coconut milk",
            "preparation": "Blend everything and slightly freeze.",
            "createdAt": "01-05-2025"
          }
        ]
      },
      {
        "category": "Salads",
        "priority": 3,
        "createdAt": "02-05-2025",
        "itemPage": [
          {
            "image": "https://placehold.co/100x100?text=Salad",
            "title": "Quinoa Salad",
            "description": "Refreshing salad with vegetables, quinoa, and lemon.",
            "ingredients": "Quinoa, cucumber, tomato, mint, lemon",
            "preparation": "Cook quinoa, chop vegetables, mix with lemon and olive oil.",
            "createdAt": "02-05-2025"
          },
          {
            "image": "https://placehold.co/100x100?text=Soup",
            "title": "Tomato & Basil Salad",
            "description": "Classic Italian salad with mozzarella.",
            "ingredients": "Tomatoes, basil, mozzarella, balsamic vinegar",
            "preparation": "Slice, arrange nicely, season, and serve fresh.",
            "createdAt": "02-05-2025"
          },
          {
            "image": "https://placehold.co/100x100?text=Dessert",
            "title": "Hot Chocolate Salad",
            "description": "Dessert fantasy with whipped cream and melted chocolate.",
            "ingredients": "Hot chocolate, whipped cream, strawberries, cookies",
            "preparation": "Heat chocolate, pour over strawberries and whipped cream.",
            "createdAt": "02-05-2025"
          }
        ]
      },
      {
        "category": "Soups",
        "priority": 4,
        "createdAt": "02-05-2025",
        "itemPage": [
          {
            "image": "https://placehold.co/100x100?text=App",
            "title": "Weather Soup",
            "description": "A light soup suitable for any weather.",
            "ingredients": "Water, root vegetables, spices",
            "preparation": "Cook everything together until vegetables are soft.",
            "createdAt": "02-02-2023"
          },
          {
            "image": "https://placehold.co/100x100?text=Todo",
            "title": "Daily Soup",
            "description": "Everyday vegetable soup.",
            "ingredients": "Zucchini, carrot, potato, onion",
            "preparation": "Fry onion, add vegetables, and cook.",
            "createdAt": "01-05-2025"
          },
          {
            "image": "https://placehold.co/100x100?text=Portfolio",
            "title": "Personal Soup",
            "description": "A soup made just for you.",
            "ingredients": "Whatever you like, to taste",
            "preparation": "Cook with love.",
            "createdAt": "01-05-2025"
          }
        ]
      }
    ]
  }
}
